{
  "foodCategory": [
    {"imgSrc":"img/dcfl01.png","categoryName": "全部"},
    {"imgSrc":"img/dcfl02.png","categoryName": "简餐便当"},
    {"imgSrc":"img/dcfl03.png","categoryName": "小吃炸串"},
    {"imgSrc":"img/dcfl04.png","categoryName": "地方菜系"},
    {"imgSrc":"img/dcfl05.png","categoryName": "面食粥店"},
    {"imgSrc":"img/dcfl06.png","categoryName": "轻食西餐"},
    {"imgSrc":"img/dcfl07.png","categoryName": "日韩料理"},
    {"imgSrc":"img/dcfl08.png","categoryName": "汉堡披萨"},
    {"imgSrc":"img/dcfl09.png","categoryName": "香锅冒菜"},
    {"imgSrc":"img/dcfl10.png","categoryName": "甜品甜点"}
  ],
  "advertising": {"title": "品质套餐","description": "搭配齐全吃得好","href": "#/暂时留空",
    "bgImgSrc": "img/index_banner.png"
  },
  "recommendMerchant": [
    {"imgSrc": "img/sj01.png","name": "万家饺子(睿道店)",
      "star": 5,"score": 4.8,
      "sales": 344,"delivery": "美团の","start": 15,"deliveryCost": 3,
      "distance": 3.33,
      "time": 30,
      "tips": "各种饺子海菜包子",
      "activity": [{"type": 1,"des": "新用户首单立减999元"},{"type": 2,"des": "特价商品不要钱"}]
    },
    {"imgSrc": "img/sj02.png","name": "小锅饭豆腐馆",
      "star": 4,"score": 4.8,
      "sales": 344,"delivery": "美团の","start": 15,"deliveryCost": 3,
      "distance": 3.33,
      "time": 30,
      "tips": "干锅千页豆腐",
      "activity": [{"type": 1,"des": "新用户首单不要钱"},{"type": 2,"des": "特价商品不要钱"}]
    },
    {"imgSrc": "img/sj03.png","name": "麦当劳麦乐送",
      "star": 5,"score": 4.8,
      "sales": 344,"delivery": "美团の","start": 15,"deliveryCost": 3,
      "distance": 3.33,
      "time": 30,
      "tips": "各种炸鸡小食",
      "activity": [{"type": 1,"des": "新用户首单立减999元"},{"type": 2,"des": "特价商品不要钱"}]
    },
    {"imgSrc": "img/sj04.png","name": "米村拌饭",
      "star": 5,"score": 4.8,
      "sales": 344,"delivery": "美团の","start": 15,"deliveryCost": 3,
      "distance": 3.33,
      "time": 30,
      "tips": "各种风味拌饭",
      "activity": [{"type": 1,"des": "新用户首单立减999元"},{"type": 2,"des": "特价商品不要钱"}]
    },
    {"imgSrc": "img/sj05.png","name": "申记串串",
      "star": 5,"score": 4.8,
      "sales": 344,"delivery": "美团の","start": 15,"deliveryCost": 3,
      "distance": 3.33,
      "time": 30,
      "tips": "特色冷锅串串",
      "activity": [{"type": 1,"des": "新用户首单立减999元"},{"type": 2,"des": "特价商品不要钱"}]
    },
    {"imgSrc": "img/sj06.png","name": "半亩良田排骨米饭",
      "star": 5,"score": 4.8,
      "sales": 344,"delivery": "美团の","start": 15,"deliveryCost": 3,
      "distance": 3.33,
      "time": 30,
      "tips": "新品脊骨米饭",
      "activity": [{"type": 1,"des": "新用户首单立减999元"},{"type": 2,"des": "特价商品不要钱"}]
    },
    {"imgSrc": "img/sj07.png","name": "茶兮",
      "star": 5,"score": 4.8,
      "sales": 344,"delivery": "美团の","start": 15,"deliveryCost": 3,
      "distance": 3.33,
      "time": 30,
      "tips": "爆款低卡奶茶",
      "activity": [{"type": 1,"des": "新用户首单立减999元"},{"type": 2,"des": "特价商品不要钱"}]
    },
    {"imgSrc": "img/sj08.png","name": "唯一水果捞",
      "star": 5,"score": 4.8,
      "sales": 344,"delivery": "美团の","start": 15,"deliveryCost": 3,
      "distance": 3.33,
      "time": 30,
      "tips": "各种新鲜水果",
      "activity": [{"type": 1,"des": "新用户首单立减999元"},{"type": 2,"des": "特价商品不要钱"}]
    },
    {"imgSrc": "img/sj09.png","name": "满园春饼",
      "star": 5,"score": 4.8,
      "sales": 344,"delivery": "美团の","start": 15,"deliveryCost": 3,
      "distance": 3.33,
      "time": 30,
      "tips": "新品四季春饼",
      "activity": [{"type": 1,"des": "新用户首单立减999元"},{"type": 2,"des": "特价商品不要钱"}]
    }
  ]
}

